Title,Style,Series,Number,Type,Format
9,,,,Movie/Miniseries,DVD
10 Things I Hate About You,,,,Movie/Miniseries,DVD
10th Kingdom,,,,Movie/Miniseries,DVD
12 Monkeys,,,,Movie/Miniseries,DVD
13 Going on 30,,,,Movie/Miniseries,DVD
2 Fast 2 Furious,,Fast and Furious,2,Movie/Miniseries,DVD
21 Jump Street,,,,Movie/Miniseries,BluRay
27 Dresses,,,,Movie/Miniseries,DVD
28 Days Later,,,,Movie/Miniseries,DVD
28 Weeks Later,,,,Movie/Miniseries,DVD
500 Days of Summer,,,,Movie/Miniseries,DVD
"Abyss, The",,,,Movie/Miniseries,DVD
Across the Universe,,,,Movie/Miniseries,DVD
Action Jackson,,,,Movie/Miniseries,DVD
Adventures of Ford Fairlane,,,,Movie/Miniseries,DVD
Adventures of Power,,,,Movie/Miniseries,DVD
Aeon Flux,,,,Movie/Miniseries,DVD
Age of Adaline,,,,Movie/Miniseries,DVD
Aladdin,Animated - Platinum Ed (2 disc),,,Movie/Miniseries,DVD
Alice,,,,Movie/Miniseries,DVD
Alice in Wonderland,Animated,,,Movie/Miniseries,DVD
Alice in Wonderland,Live Action,,,Movie/Miniseries,DVD
Alien,,Alien,1,Movie/Miniseries,DVD
Aliens,,Alien,2,Movie/Miniseries,DVD
Alien 3,,Alien,3,Movie/Miniseries,DVD
Alien Resurrection,,Alien,4,Movie/Miniseries,DVD
Alien Covenant,,Alien,,Movie/Miniseries,DVD
Along Came a Spider,,,,Movie/Miniseries,DVD
Alvin and the Chipmunks,,,,Movie/Miniseries,DVD
Amelie,,,,Movie/Miniseries,DVD
America's Sweethearts,,,,Movie/Miniseries,DVD
American Assassin,,,,Movie/Miniseries,BluRay
American Haunting,Unrated Edition,,,Movie/Miniseries,DVD
American in Austen,,,,Movie/Miniseries,DVD Collection
Anaconda,,,,Movie/Miniseries,DVD Collection
Anastasia,,,,Movie/Miniseries,DVD
Anatomy,,,,Movie/Miniseries,DVD Collection
Anatomy 2,,,,Movie/Miniseries,DVD Collection
Angels & Demons,Theatrical Edition,,,Movie/Miniseries,DVD
Annabelle,,Conjuring,,Movie/Miniseries,DVD
Annihilation,,,,Movie/Miniseries,DVD
Ant-Man,,Marvel MCU,14,Movie/Miniseries,BluRay
Ant-Man and the Wasp,,Marvel MCU,20,Movie/Miniseries,BluRay
Antitrust,,,,Movie/Miniseries,DVD
Apollo 13,,,,Movie/Miniseries,DVD
Aquaman,,,,Movie/Miniseries,DVD
Army of Darkness,,,,Movie/Miniseries,DVD
As You Like It,,,,Movie/Miniseries,DVD
Assassin's Creed,,,,Movie/Miniseries,BluRay
Atomic Blonde,,,,Movie/Miniseries,BluRay
Atonement,,,,Movie/Miniseries,DVD
Austin Powers: International Man of Mystery,,Austin Powers,1,Movie/Miniseries,DVD
Austin Powers: The Spy Who Shagged Me,,Austin Powers,2,Movie/Miniseries,DVD
Austin Powers: Goldmember,,Austin Powers,3,Movie/Miniseries,DVD
Austenland,,,,Movie/Miniseries,DVD
Avatar,,,,Movie/Miniseries,BluRay
Avengers,,Marvel MCU,7,Movie/Miniseries,BluRay
Avengers: Age of Ultron,,Marvel MCU,13,Movie/Miniseries,BluRay
Avengers: Endgame,,Marvel MCU,,Movie/Miniseries,BluRay
Avengers: Infinity War,,Marvel MCU,21,Movie/Miniseries,BluRay
Bambi,,,,Movie/Miniseries,DVD
Batman,,,,Movie/Miniseries,DVD Collection
Batman & Robin,,,,Movie/Miniseries,DVD Collection
Batman: Bad Blood,,,,Movie/Miniseries,BluRay
Batman Begins,,,1,Movie/Miniseries,DVD
Batman Beyond: The Movie,,,,Movie/Miniseries,DVD
Batman Forever,,,,Movie/Miniseries,DVD Collection
Batman Gotham Knight,,,,Movie/Miniseries,
Batman Returns,,,,Movie/Miniseries,DVD Collection
Batman V. Superman: Dawn of Justice,,DCU,,Movie/Miniseries,BluRay
Batman: The Dark Knight,,,2,Movie/Miniseries,BluRay
Batman: The Dark Knight Rises,,,3,Movie/Miniseries,DVD
"Batman: The Dark Knight Returns, Part 1",animated,,,Movie/Miniseries,DVD
"Batman: The Dark Knight Returns, Part 2",animated,,,Movie/Miniseries,DVD
Batman: The Killing Joke,,,,Movie/Miniseries,DVD
"Batman: The Long Halloween, Part 2",,,,Movie/Miniseries,DVD
Batman: The Movie,,,,Movie/Miniseries,DVD
Bats: Human Harvest,,,,Movie/Miniseries,DVD Collection
Baywatch,,,,Movie/Miniseries,DVD
Beauty and the Beast,Animated,,,Movie/Miniseries,DVD
Beauty and the Beast,Animated - 25th Anniversary Edition,,,Movie/Miniseries,BluRay
Beauty and the Beast,Live action,,,Movie/Miniseries,DVD
Becoming Jane,,,,Movie/Miniseries,DVD
Bedknobs and Broomsticks,,,,Movie/Miniseries,DVD
Beetlejuice,,,,Movie/Miniseries,DVD
Before Sunrise,,,,Movie/Miniseries,DVD
Before Sunset,,,,Movie/Miniseries,DVD
Bend it Like Beckham,,,,Movie/Miniseries,DVD
Big Boss,,,,Movie/Miniseries,DVD Collection
Big Fish,,,,Movie/Miniseries,DVD
Big Hero 6,,,,Movie/Miniseries,DVD
Big Lebowski,,,,Movie/Miniseries,
Bill & Ted's Bogus Journey,,Bill & Ted,2,Movie/Miniseries,DVD
Bill & Ted's Excellent Adventure,,Bill & Ted,1,Movie/Miniseries,DVD
Birds of Prey and the Fantabulous Emancipation of One Harley Quinn,,,,Movie/Miniseries,DVD
Black Belt Jones + others,,,,Movie/Miniseries,DVD Collection
Black Panther,,Marvel MCU,18,Movie/Miniseries,BluRay
Blade,,Blade,1,Movie/Miniseries,DVD
Blade II,,Blade,2,Movie/Miniseries,DVD
Blade Runner,,,,Movie/Miniseries,DVD
Blade Runner 2049,,,,Movie/Miniseries,DVD
Blade Trinity,,Blade,3,Movie/Miniseries,DVD
Black Water,,,,Movie/Miniseries,DVD Collection
Blue Crush,,,,Movie/Miniseries,DVD Collection
Blue Like Jazz,,,,Movie/Miniseries,DVD
Blue Smoke,,,,Movie/Miniseries,DVD
Bodyguard,,,,Movie/Miniseries,
Bohemian Rhapsody,,,,Movie/Miniseries,DVD
Bond: Casino Royale,Collector's Edition,James Bond Daniel Craig,1,Movie/Miniseries,BluRay
Bond: Quantum of Solace,,James Bond Daniel Craig,2,Movie/Miniseries,DVD Collection
Bond: Skyfall,,James Bond Daniel Craig,3,Movie/Miniseries,DVD Collection
Bond: Spectre,,James Bond Daniel Craig,4,Movie/Miniseries,DVD
"Bone Collector, The",,,,Movie/Miniseries,DVD
Bourne Identity,,Bourne,1,Movie/Miniseries,DVD Collection
Bourne Legacy,,Bourne,4,Movie/Miniseries,BluRay
Bourne Supremacy,,Bourne,2,Movie/Miniseries,DVD Collection
Bourne Ultimatum,,Bourne,3,Movie/Miniseries,DVD Collection
Bourne: Jason Bourne,,Bourne,5,Movie/Miniseries,DVD
Brave,,,,Movie/Miniseries,DVD
Breakfast at Tiffany's,,,,Movie/Miniseries,DVD
Breed,,,,Movie/Miniseries,DVD Collection
Bridget Jones: Edge of Reason,,Bridget Jones,2,Movie/Miniseries,DVD
Bridget Jones's Baby,,Bridget Jones,3,Movie/Miniseries,DVD
Bridget Jones's Diary,,Bridget Jones,1,Movie/Miniseries,DVD
Bring it On,,,,Movie/Miniseries,DVD
Brokeback Mountain,,,,Movie/Miniseries,
Brotherhood of the Wolf,Director's and Theatrical Cuts,,,Movie/Miniseries,DVD
Brothers Grimm,,,,Movie/Miniseries,BluRay
Buffy the Vampire Slayer,,,,Movie/Miniseries,DVD
Butterfly Effect,,,,Movie/Miniseries,DVD
Cabin in the Woods,,,,Movie/Miniseries,BluRay
Can't Hardly Wait,,,,Movie/Miniseries,DVD
Canterville Ghost,,,,Movie/Miniseries,DVD
Captain America: Civil War,,Marvel MCU,15,Movie/Miniseries,BluRay
Captain America: The First Avenger,,Marvel MCU,1,Movie/Miniseries,DVD
Captain America: The Winter Soldier,,Marvel MCU,10,Movie/Miniseries,BluRay
Captain Marvel,,Marvel MCU,,Movie/Miniseries,DVD
Cave,,,,Movie/Miniseries,DVD Collection
Center Stage,,,,Movie/Miniseries,DVD
Chain Reaction,,,,Movie/Miniseries,DVD Collection
Chance,,,,Movie/Miniseries,DVD
Charlie St. Cloud,,,,Movie/Miniseries,DVD
Chasing Liberty,,,,Movie/Miniseries,DVD
Chicago,,,,Movie/Miniseries,DVD
Christmas with Holly,,,,Movie/Miniseries,DVD
Chronicles of Riddick,,,,Movie/Miniseries,DVD
Cinderella,Animated - Special Edition,,,Movie/Miniseries,DVD
Cinderella,Live action,,,Movie/Miniseries,DVD
Cinderella Story,,,,Movie/Miniseries,DVD Collection
City of Ember,,,,Movie/Miniseries,DVD
Clash of the Titans remake,,,,Movie/Miniseries,DVD
Clerks,,,,Movie/Miniseries,DVD
Clerks II,,,,Movie/Miniseries,DVD
Cloak and Dagger,,,,Movie/Miniseries,DVD
Cloud Atlas,,,,Movie/Miniseries,DVD
Collide,,,,Movie/Miniseries,DVD
Con Air,,,,Movie/Miniseries,DVD
Conan the Barbarian,,,,Movie/Miniseries,DVD
Conan the Barbarian (Jason Momoa),,,,Movie/Miniseries,DVD
Conan the Conquerer,,,,Movie/Miniseries,DVD
Conjuring,,Conjuring,1,Movie/Miniseries,DVD
Conjuring 2,,Conjuring,2,Movie/Miniseries,DVD
Constantine,,,,Movie/Miniseries,DVD
Contagion,,,,Movie/Miniseries,DVD Collection
Corpse Bride,,,,Movie/Miniseries,DVD
Count of Monte Cristo,,,,Movie/Miniseries,DVD
Cowboys & Aliens,,,,Movie/Miniseries,DVD
Craft,,,,Movie/Miniseries,DVD
Crazy Rich Asians,,,,Movie/Miniseries,BluRay
Crazy Stupid Love,,,,Movie/Miniseries,BluRay
Creepshow,,Stephen King,,Movie/Miniseries,DVD
Crossroads,,,,Movie/Miniseries,DVD
Crown for Christmas,,,,Movie/Miniseries,DVD
Cursed,,Unrated & Regular,,Movie/Miniseries,DVD Collection
Cutting Edge,,Cutting Edge,1,Movie/Miniseries,DVD
Cutting Edge: Chasing the Dream,,Cutting Edge,3,Movie/Miniseries,DVD
Da Vinci Code,,,,Movie/Miniseries,DVD
Daredevil,,,,Movie/Miniseries,DVD
Darjeeling Limited,,,,Movie/Miniseries,DVD
Dark Crystal,,,,Movie/Miniseries,DVD
Dark Tower,,,,Movie/Miniseries,DVD
Darkest Knight,,,,Movie/Miniseries,DVD
Darkest Minds,,,,Movie/Miniseries,DVD
Dawn of the Dead remake,,,,Movie/Miniseries,DVD
Day After Tomorrow,,,,Movie/Miniseries,
Dead Poet's Society,,,,Movie/Miniseries,DVD
Deadpool,,,,Movie/Miniseries,BluRay
Deadpool 2 (Once Upon a Deadpool),,,,Movie/Miniseries,BluRay
Dear John,,,,Movie/Miniseries,DVD
Death Comes to Pemberley,,,,Movie/Miniseries,DVD
Deep Blue Sea,,Deep Blue Sea,1,Movie/Miniseries,DVD
Deep Blue Sea 2,,Deep Blue Sea,2,Movie/Miniseries,DVD
Deliverance,,,,Movie/Miniseries,DVD
Demolition Man,,,,Movie/Miniseries,DVD
Descendants,,Descendants,1,Movie/Miniseries,DVD
Descendants 2,,Descendants,2,Movie/Miniseries,DVD
Despicable Me,,,,Movie/Miniseries,BluRay
Despicable Me - Minions,,,,Movie/Miniseries,DVD
Despicable Me 2,,,,Movie/Miniseries,DVD
Detective Pikachu,,,,Movie/Miniseries,DVD
Devil's Advocate,,,,Movie/Miniseries,DVD
Devil's Mistress,,,,Movie/Miniseries,DVD
Dinotopia,,,,Movie/Miniseries,DVD
Dirty Dancing,,,,Movie/Miniseries,DVD
Disappearance of Eleanor Rigby,,,,Movie/Miniseries,BluRay
Disturbing Behavior,,,,Movie/Miniseries,DVD
Doctor Strange,,Marvel MCU,17,Movie/Miniseries,BluRay
Dogma,,,,Movie/Miniseries,DVD
Don't Say a Word,,,,Movie/Miniseries,DVD
"Double, The",,,,Movie/Miniseries,DVD
Dracula 2000,,,,Movie/Miniseries,DVD Collection
Dracula Untold,,,,Movie/Miniseries,DVD
"Dracula, Bram Stoker's",,,,Movie/Miniseries,DVD
Dragon Age: Dawn of the Seeker,,,,Movie/Miniseries,DVD
Dragon Age: Redemption,,,,Movie/Miniseries,DVD
DreamGirls,,,,Movie/Miniseries,DVD
Drive,,,,Movie/Miniseries,DVD Collection
Drumline,,,,Movie/Miniseries,DVD
Dude Where's My Car?,,,,Movie/Miniseries,DVD
DUFF,,,,Movie/Miniseries,DVD
Dungeons & Dragons,,,,Movie/Miniseries,DVD
Dungeons & Dragons: Honor Among Thieves,,,,Movie/Miniseries,4K UltraHD
Dylan Dog,,,,Movie/Miniseries,
E.T. The Extra-Terrestrial,,,,Movie/Miniseries,DVD
Earthsea,,,,Movie/Miniseries,DVD
Easy A,,,,Movie/Miniseries,
Edge of Tomorrow,,,,Movie/Miniseries,DVD
El Dorado (John Wayne),,,,Movie/Miniseries,DVD
Elizabeth,,,,Movie/Miniseries,DVD Collection
Ella Enchanted,,,,Movie/Miniseries,DVD
Elysium,,,,Movie/Miniseries,DVD
Emma Anya Taylor-Joy,,Jane Austen,,Movie/Miniseries,BluRay
Emma Gwenyth Paltrow,,Jane Austen,,Movie/Miniseries,DVD
Emma Kate Beckinsale,,Jane Austen,,Movie/Miniseries,DVD Collection
Empire Records,,,,Movie/Miniseries,DVD
Enchanted,,,,Movie/Miniseries,DVD
Enter the Dragon,,,,Movie/Miniseries,DVD
Equilibrium,,,,Movie/Miniseries,DVD
Eragon,,,,Movie/Miniseries,DVD
Eraser,,,,Movie/Miniseries,DVD
Ernest Scared Stupid,,,,Movie/Miniseries,DVD
Escaflowne anime,,,,Movie/Miniseries,DVD
Ever After,,,,Movie/Miniseries,DVD
Excalibur,,,,Movie/Miniseries,
Expendables,,,,Movie/Miniseries,BluRay
Expendables 2,,,,Movie/Miniseries,DVD
Expendables 3,,,,Movie/Miniseries,BluRay
Faculty,,,,Movie/Miniseries,DVD Collection
Fake anime,,,,Movie/Miniseries,DVD
Fantastic Beasts and Where to Find Them,,Harry Potter,9,Movie/Miniseries,BluRay
Far and Away,,,,Movie/Miniseries,DVD
Fast & Furious,,Fast and Furious,4,Movie/Miniseries,DVD
Fast & Furious 6,,Fast and Furious,6,Movie/Miniseries,DVD
Fast and the Furious,,Fast and Furious,1,Movie/Miniseries,DVD
Fast and the Furious: Tokyo Drift,,Fast and Furious,3,Movie/Miniseries,DVD
Fast Five,,Fast and Furious,5,Movie/Miniseries,DVD
Faster,,,,Movie/Miniseries,DVD Collection
Fatal Contact: Bird Flu in America,,,,Movie/Miniseries,DVD Collection
Fate of the Furious,,Fast and Furious,8,Movie/Miniseries,DVD
Fern Gully,,,,Movie/Miniseries,DVD
Fifth Element,,,,Movie/Miniseries,DVD
Fight Club,,,,Movie/Miniseries,DVD
Final Destination,,,,Movie/Miniseries,DVD
Final Destination 2,,,,Movie/Miniseries,DVD
Final Fantasy: The Spirits Within,,,,Movie/Miniseries,DVD
Finding Nemo,,,,Movie/Miniseries,DVD
Finding Neverland,,,,Movie/Miniseries,DVD
First Daughter,,,,Movie/Miniseries,DVD
First Position,,,,Movie/Miniseries,DVD
Fist of Fury,,,,Movie/Miniseries,DVD Collection
Flatliners (original),,,,Movie/Miniseries,DVD
Flatliners (remake),,,,Movie/Miniseries,DVD
Flight of Dragons,,,,Movie/Miniseries,DVD
Flight of the Navigator,,,,Movie/Miniseries,DVD
Footloose,,,,Movie/Miniseries,DVD
Fox and the Hound,25th Anniversary Edition,,,Movie/Miniseries,DVD
Friday the 13th,,Friday the 13th,1,Movie/Miniseries,DVD Collection
Friday the 13th Part 2,,Friday the 13th,2,Movie/Miniseries,DVD
Friday the 13th Part 3,,Friday the 13th,3,Movie/Miniseries,DVD
Friday the 13th Part V: A New Beginning,,Friday the 13th,5,Movie/Miniseries,DVD
Friday the 13th Part VI: Jason Lives,,Friday the 13th,6,Movie/Miniseries,DVD
Friday the 13th Part VII: The New Blood,,Friday the 13th,7,Movie/Miniseries,DVD
Friday the 13th Part VIII: Jason Takes Manhattan,,Friday the 13th,8,Movie/Miniseries,DVD Collection
Friday the 13th: The Final Chapter,,Friday the 13th,4,Movie/Miniseries,DVD
Fried Green Tomatoes,,,,Movie/Miniseries,DVD
Friends with Benefits,,,,Movie/Miniseries,DVD
From Dusk Till Dawn,,From Dusk Till Dawn,1,Movie/Miniseries,DVD
From Dusk Till Dawn 2,,From Dusk Till Dawn,2,Movie/Miniseries,DVD
From Dusk Till Dawn 3,,From Dusk Till Dawn,3,Movie/Miniseries,DVD
From Hell,,,,Movie/Miniseries,DVD
Full Out,,,,Movie/Miniseries,DVD
Furious 7,,Fast and Furious,7,Movie/Miniseries,DVD
G.I. Joe: The Rise of Cobra,,,,Movie/Miniseries,DVD
G.I. Joe: Retaliation,,,,Movie/Miniseries,DVD
Galaxy Quest,,,,Movie/Miniseries,DVD
Game,,,,Movie/Miniseries,DVD
Game of Death,,,,Movie/Miniseries,DVD Collection
Gamer,,,,Movie/Miniseries,DVD
Gattaca,,,,Movie/Miniseries,DVD
Ghost in the Shell,,,,Movie/Miniseries,DVD
Ghost Rider,,,,Movie/Miniseries,DVD
Ghostbusters,,Ghostbusters,1,Movie/Miniseries,DVD Collection
Ghostbusters 2,,Ghostbusters,2,Movie/Miniseries,DVD Collection
Ghostbusters remake,,,,Movie/Miniseries,DVD
Gladiator,,,,Movie/Miniseries,DVD
Glass,,Unbreakable,3,Movie/Miniseries,BluRay
Godzilla Matthew Broderick,,,,Movie/Miniseries,DVD
Godzilla 2000,,,,Movie/Miniseries,DVD
Godzilla vs. Kong,,,,Movie/Miniseries,DVD
Golden Years,,Stephen King,,Movie/Miniseries,DVD Collection
Godfather,,,,Movie/Miniseries,DVD
Godfather Part II,,,,Movie/Miniseries,DVD
Good Will Hunting,,,,Movie/Miniseries,DVD
Goonies,,,,Movie/Miniseries,DVD
Gravity,,,,Movie/Miniseries,DVD
Grease,,,,Movie/Miniseries,DVD
Greatest Showman,,,,Movie/Miniseries,BluRay
Green Lantern,,,,Movie/Miniseries,DVD
Gremlins,,,,Movie/Miniseries,BluRay
Guardians of the Galaxy,,Marvel MCU,11,Movie/Miniseries,BluRay
Guardians of the Galaxy Vol. 2,,Marvel MCU,12,Movie/Miniseries,BluRay
Guy Thing,,,,Movie/Miniseries,DVD
Hackers,,,,Movie/Miniseries,DVD
Halloween (remake),Unrated,,,Movie/Miniseries,DVD
Hannibal,,,,Movie/Miniseries,DVD
Hansel and Gretel,,,,Movie/Miniseries,DVD
Happening,,,,Movie/Miniseries,DVD
Harry Potter and the Chamber of Secrets,,Harry Potter,2,Movie/Miniseries,DVD
Harry Potter and the Deathly Hallows pt 1,,Harry Potter,7,Movie/Miniseries,BluRay
Harry Potter and the Deathly Hallows pt 2,,Harry Potter,8,Movie/Miniseries,BluRay
Harry Potter and the Goblet of Fire,,Harry Potter,4,Movie/Miniseries,DVD
Harry Potter and the Half-Blood Prince,,Harry Potter,6,Movie/Miniseries,DVD
Harry Potter and the Order of the Phoenix,,Harry Potter,5,Movie/Miniseries,DVD
Harry Potter and the Prisoner of Azkaban,,Harry Potter,3,Movie/Miniseries,DVD
Harry Potter and the Sorcerer's Stone,,Harry Potter,1,Movie/Miniseries,DVD
Heavy Metal,,,,Movie/Miniseries,DVD
Hellboy,,Hellboy,1,Movie/Miniseries,DVD
Hellboy II,,Hellboy,2,Movie/Miniseries,DVD
Hidden,,,,Movie/Miniseries,DVD
Hidden Figures,,,,Movie/Miniseries,DVD
High-Rise,,,,Movie/Miniseries,DVD
Highlander,,,,Movie/Miniseries,DVD
Hobbit,Animated,,,Movie/Miniseries,DVD
Hobbit: An Unexpected Journey,Theatrical,Hobbit,1,Movie/Miniseries,DVD
Hobbit: An Unexpected Journey,Extended,Hobbit,1,Movie/Miniseries,
Hobbit: The Desolation of Smaug,Theatrical,Hobbit,2,Movie/Miniseries,DVD
Hobbit: The Desolation of Smaug,Extended,Hobbit,2,Movie/Miniseries,
Hobbit: Battle of the Five Armies,Theatrical,Hobbit,3,Movie/Miniseries,BluRay
Hocus Pocus,,,,Movie/Miniseries,DVD
"Holiday, The",,,,Movie/Miniseries,DVD
Hollow Crown complete series,,,,Movie/Miniseries,DVD
Hollow Man,,,,Movie/Miniseries,DVD Collection
Hollow Man 2,,,,Movie/Miniseries,DVD Collection
Hondo (John Wayne),,,,Movie/Miniseries,DVD
Honey,,,,Movie/Miniseries,DVD Collection
Hostel,,,,Movie/Miniseries,DVD Collection
Hostel Part 2,,,,Movie/Miniseries,DVD Collection
Hot Fuzz,,,,Movie/Miniseries,DVD
Hot Tub Time Machine,,,,Movie/Miniseries,DVD
Hotel Transylvania 2,,,,Movie/Miniseries,DVD
House on Haunted Hill,,,,Movie/Miniseries,DVD
House on Haunted Hill original,,Vincent Price,,Movie/Miniseries,DVD Collection
How to Deal,,,,Movie/Miniseries,DVD
How to Train Your Dragon,,How to Train Your Dragon,1,Movie/Miniseries,BluRay
How to Train Your Dragon 2,,How to Train Your Dragon,2,Movie/Miniseries,DVD
Hulk,,,,Movie/Miniseries,DVD
"Hulk, Incredible",,Marvel MCU,5,Movie/Miniseries,DVD
Hunger Games,,Hunger Games,1,Movie/Miniseries,DVD
Hunger Games: Catching Fire,,Hunger Games,2,Movie/Miniseries,DVD
Hunger Games: Mockingjay pt 1,,Hunger Games,3,Movie/Miniseries,BluRay
Hunger Games: Mockingjay pt 2,,Hunger Games,4,Movie/Miniseries,BluRay
Hunt for the BTK Killer,,,,Movie/Miniseries,DVD Collection
Huntsman: Winter's War,,,,Movie/Miniseries,DVD
I Am Legend,,,,Movie/Miniseries,DVD
I Know What You Did Last Summer,,,,Movie/Miniseries,DVD Collection
I'm Gonna Get You Sucka,,,,Movie/Miniseries,DVD
Ice Princess,,,,Movie/Miniseries,DVD
Identity,,,,Movie/Miniseries,DVD
Imitation Game,,,,Movie/Miniseries,DVD
Immortals,,,,Movie/Miniseries,DVD
In Time,,,,Movie/Miniseries,DVD
Inception,,,,Movie/Miniseries,DVD
Incredibles,,,,Movie/Miniseries,DVD
Independence Day,,,,Movie/Miniseries,DVD
Independence Day: Resurgence,,Independence Day,2,Movie/Miniseries,BluRay
Indiana Jones and the Kingdom of the Crystal Skull,,Indiana Jones,4,Movie/Miniseries,DVD
Indiana Jones and the Last Crusade,,Indiana Jones,3,Movie/Miniseries,DVD Collection
Indiana Jones and the Raiders of the Lost Ark,,Indiana Jones,1,Movie/Miniseries,DVD Collection
Indiana Jones and the Temple of Doom,,Indiana Jones,2,Movie/Miniseries,DVD Collection
Inglorious Bastards,,,,Movie/Miniseries,DVD
Inside Out,,,,Movie/Miniseries,BluRay
Interview with the Vampire,,,,Movie/Miniseries,DVD
Into the Woods,,,,Movie/Miniseries,BluRay
IQ,,,,Movie/Miniseries,DVD Collection
Iron Man,,Marvel MCU,3,Movie/Miniseries,DVD
Iron Man 2,,Marvel MCU,4,Movie/Miniseries,DVD
Iron Man 3,,Marvel MCU,8,Movie/Miniseries,BluRay
IT original,,Stephen King,,Movie/Miniseries,DVD
IT pt 1 remake,,Stephen King,1,Movie/Miniseries,BluRay
IT pt 2 remake,,Stephen King,2,Movie/Miniseries,BluRay
Italian Job,,,,Movie/Miniseries,DVD
Jack Ryan: Shadow Recruit,,,,Movie/Miniseries,DVD
Jane Austen Book Club,,,,Movie/Miniseries,DVD
Jane Eyre Orson Welles,,,,Movie/Miniseries,DVD
Jane Eyre Ruth Wilson,,,,Movie/Miniseries,DVD
Jane Eyre Samantha Morton,,,,Movie/Miniseries,DVD Collection
Jane Eyre Mia W,,,,Movie/Miniseries,DVD Collection
Jaws,Collector's Edition,,,Movie/Miniseries,DVD
Jaws: The Revenge,,,,Movie/Miniseries,DVD
Jay and Silent Bob Strike Back,,,,Movie/Miniseries,DVD
Jeepers Creepers,,,,Movie/Miniseries,
Jennifer's Body,,,,Movie/Miniseries,DVD
Jerry Maguire,,,,Movie/Miniseries,DVD
John Tucker Must Die,,,,Movie/Miniseries,DVD Collection
John Wick,,John Wick,1,Movie/Miniseries,BluRay
John Wick 2,,John Wick,2,Movie/Miniseries,DVD
Josie and the Pussycats,,,,Movie/Miniseries,DVD Collection
Jumanji: Welcome to the Jungle,,,,Movie/Miniseries,DVD
Jumper,,,,Movie/Miniseries,DVD
Jungle Book,40th Anniversary Edition,,,Movie/Miniseries,DVD Collection
Jupiter Ascending,,,,Movie/Miniseries,BluRay
Jurassic Park,,Jurassic Park,1,Movie/Miniseries,DVD Collection
Jurassic Park III,,Jurassic Park,3,Movie/Miniseries,DVD Collection
Jurassic Park: Lost World,,Jurassic Park,2,Movie/Miniseries,DVD Collection
Jurassic World,,Jurassic Park,4,Movie/Miniseries,BluRay
Jurassic World: Fallen Kingdom,,Jurassic Park,5,Movie/Miniseries,BluRay
Jurassic World: Dominion,,Jurassic Park,6,Movie/Miniseries,DVD
Just Married,,,,Movie/Miniseries,DVD
Just My Luck,,,,Movie/Miniseries,DVD Collection
Justice League,,DCU,,Movie/Miniseries,BluRay
Justice League (Zack Snyder),,,,Movie/Miniseries,BluRay
Justice League Dark,animated,,,Movie/Miniseries,DVD
Justice League Flashpoint Paradox,animated,,,Movie/Miniseries,DVD
Karate Kid,,Karate Kid,1,Movie/Miniseries,DVD
Karate Kid II,,Karate Kid,2,Movie/Miniseries,DVD
Karate Kid III,,Karate Kid,3,Movie/Miniseries,DVD
Kaw,,,,Movie/Miniseries,DVD Collection
Kick-Ass,,,,Movie/Miniseries,BluRay
King Arthur,,,,Movie/Miniseries,DVD
King Arthur: Legend of the Sword,,,,Movie/Miniseries,DVD
King Kong remake,,,,Movie/Miniseries,DVD
King's Speech,,,,Movie/Miniseries,DVD
Kingdom of Heaven,,,,Movie/Miniseries,DVD
Kingpin,,,,Movie/Miniseries,DVD
Kingsman: The Golden Circle,,Kingsman,2,Movie/Miniseries,BluRay
Kingsman: The Secret Service,,Kingsman,1,Movie/Miniseries,BluRay
Kiss the Girls,,,,Movie/Miniseries,DVD
Knight's Tale,,,,Movie/Miniseries,DVD
Kong: Skull Island,,King Kong,2,Movie/Miniseries,DVD
Labyrinth,,,,Movie/Miniseries,DVD
Lady and the Tramp,50th Anniversary Edition / Diamond Edition,,,Movie/Miniseries,DVD
Lady in the Water,,,,Movie/Miniseries,DVD
LadyHawke,,,,Movie/Miniseries,DVD
Laggies,,,,Movie/Miniseries,DVD
Lake House,,,,Movie/Miniseries,DVD
Lake Placid,,,,Movie/Miniseries,DVD
Langoliers,,Stephen King,,Movie/Miniseries,DVD Collection
Last of the Mohicans,,,,Movie/Miniseries,DVD
Last Man on Earth,,Vincent Price,,Movie/Miniseries,DVD Collection
Last Station,,,,Movie/Miniseries,DVD
Last Unicorn,,,,Movie/Miniseries,DVD
League of Extraordinary Gentleman,,,,Movie/Miniseries,DVD
Leap Year,,,,Movie/Miniseries,DVD
Legally Blonde,,,,Movie/Miniseries,DVD Collection
Legend of Tarzan,,,,Movie/Miniseries,DVD
Legends of the Fall,,,,Movie/Miniseries,DVD
Librarian: Curse of the Judas Chalice,,Librarians,2,Movie/Miniseries,DVD
Librarian: Quest for the Spear,,Librarians,1,Movie/Miniseries,DVD
Librarian: Return to King Solomon's Mines,,Librarians,3,Movie/Miniseries,DVD
Lifeforce,,,,Movie/Miniseries,DVD
Limitless,,,,Movie/Miniseries,DVD
Little Mermaid,Animated,,,Movie/Miniseries,DVD
Little Monsters,,,,Movie/Miniseries,DVD
Little Women (Saoirse Ronan),,,,Movie/Miniseries,BluRay
Lizzie Bennet Diaries,,,,Movie/Miniseries,DVD
Logan Lucky,,,,Movie/Miniseries,DVD
Longest Ride,,,,Movie/Miniseries,DVD
Looper,,,,Movie/Miniseries,DVD
Lord of the Rings: Return of the King,Extended Edition,LotR,3,Movie/Miniseries,DVD
Lord of the Rings: The Fellowship of the Ring,Extended Edition,LotR,1,Movie/Miniseries,DVD
Lord of the Rings: The Two Towers,Extended Edition,LotR,2,Movie/Miniseries,DVD
Losers,,,,Movie/Miniseries,DVD
Lost in Austen,,,,Movie/Miniseries,DVD
Love & Friendship,,Jane Austen,,Movie/Miniseries,DVD
Love & Mercy,,,,Movie/Miniseries,DVD
Love Actually,,,,Movie/Miniseries,DVD
Love and Monsters,,,,Movie/Miniseries,DVD
Love on Safari,,,,Movie/Miniseries,DVD Collection
"Love, Romance & Chocolate",,,,Movie/Miniseries,DVD Collection
Love Strikes Twice,,,,Movie/Miniseries,DVD Collection
Loving Leah,,,,Movie/Miniseries,DVD
Lucky One,,,,Movie/Miniseries,DVD
Lucy,,,,Movie/Miniseries,DVD
Mad Max,,Mad Max,1,Movie/Miniseries,DVD
Mad Max: Beyond Thunderdome,,Mad Max,3,Movie/Miniseries,DVD
Mad Max: Fury Road,,Mad Max,4,Movie/Miniseries,DVD
Mad Max: Road Warrior,,Mad Max,2,Movie/Miniseries,DVD
Magic Mike,,Magic Mike,1,Movie/Miniseries,BluRay
Magic Mike XXL,,Magic Mike,2,Movie/Miniseries,BluRay
Magnificent Seven remake,,,,Movie/Miniseries,DVD
Maid in Manhattan,,,,Movie/Miniseries,
Maleficent,,Maleficent,1,Movie/Miniseries,DVD
Mallrats,,,,Movie/Miniseries,DVD
Mamma Mia!,,,,Movie/Miniseries,DVD
Man from Uncle,,,,Movie/Miniseries,DVD
Man of Steel,,,,Movie/Miniseries,DVD
Manhunter,,,,Movie/Miniseries,DVD
Mansfield Park Frances O'Connor,,,,Movie/Miniseries,DVD
Marie Antoinette,,,,Movie/Miniseries,DVD
Martian,,,,Movie/Miniseries,BluRay
Mary Poppins,Anniversary Edition,,,Movie/Miniseries,DVD
Mass Effect: Paragon Lost,Animated,,,Movie/Miniseries,DVD
Master and Commander,,,,Movie/Miniseries,
Masters of the Universe,,,,Movie/Miniseries,DVD
Matrix,,Matrix,1,Movie/Miniseries,BluRay
Matrix Reloaded,,Matrix,2,Movie/Miniseries,DVD
Matrix Revolutions,,,,Movie/Miniseries,DVD
Matrix Resurrections,,,,Movie/Miniseries,BluRay
Max Payne,Unrated,,,Movie/Miniseries,DVD
Maze Runner,,Maze Runner,1,Movie/Miniseries,DVD
Maze Runner: Death Cure,,Maze Runner,3,Movie/Miniseries,DVD
Maze Runner: Scorch Trials,,Maze Runner,2,Movie/Miniseries,DVD
Mazes and Monsters,,,,Movie/Miniseries,
Mean Girls,,,,Movie/Miniseries,DVD
Mechanic,,,,Movie/Miniseries,DVD Collection
Memento,,,,Movie/Miniseries,DVD
Men in Black,,,,Movie/Miniseries,
Men in Black II,,,,Movie/Miniseries,DVD
Men in Black 3,,,,Movie/Miniseries,BluRay
Midsummer Night's Dream,,,,Movie/Miniseries,DVD
Minority Report,,,,Movie/Miniseries,DVD
"Miserables, Les",,,,Movie/Miniseries,DVD
Miss Congeniality,,,,Movie/Miniseries,DVD
Miss Peregrine's Home for Peculiar Children,,,,Movie/Miniseries,BluRay
Mission: Impossible,,Mission: Impossible,1,Movie/Miniseries,BluRay
Mission: Impossible - Ghost Protocol,,Mission: Impossible,4,Movie/Miniseries,BluRay
Mission: Impossible - Rogue Nation,,Mission: Impossible,5,Movie/Miniseries,BluRay
Mission: Impossible 2,,Mission: Impossible,2,Movie/Miniseries,BluRay
Mission: Impossible 3,,Mission: Impossible,3,Movie/Miniseries,BluRay
"Monster's, Inc.",,,,Movie/Miniseries,DVD
Monsters University,,,,Movie/Miniseries,BluRay
Montana Sky,,,,Movie/Miniseries,DVD
Monty Python and the Holy Grail,,,,Movie/Miniseries,DVD
Moonlight on Vermont,,,,Movie/Miniseries,DVD Collection
Mortal Engines,,,,Movie/Miniseries,BluRay
Mortal Instruments,,,,Movie/Miniseries,Digital amazon
Mothman Prophecies,,,,Movie/Miniseries,DVD
Moulin Rouge,,,,Movie/Miniseries,DVD
Mr. Saturday Night,,,,Movie/Miniseries,DVD
Much Ado About Nothing Joss Whedon,,,,Movie/Miniseries,DVD
Much Ado About Nothing Kenneth Branagh,,,,Movie/Miniseries,DVD
Mummy,,Mummy,1,Movie/Miniseries,DVD Collection
Mummy Returns,,Mummy,2,Movie/Miniseries,DVD Collection
Mummy: The Scorpion King,,Mummy,3,Movie/Miniseries,DVD Collection
Muppet Treasure Island,,,,Movie/Miniseries,DVD
"Muppets, The",,,,Movie/Miniseries,DVD
Muppets Take Manhattan,,,,Movie/Miniseries,DVD
Music and Lyrics,,,,Movie/Miniseries,DVD
My Fair Lady,,,,Movie/Miniseries,DVD
Nancy Drew Reporter,,,,Movie/Miniseries,DVD
National Treasure 2,,,,Movie/Miniseries,DVD
Nerve,,,,Movie/Miniseries,DVD
Net,,,,Movie/Miniseries,DVD
Neverending Story,,Neverending Story,1,Movie/Miniseries,DVD
Neverending Story II,,Neverending Story,2,Movie/Miniseries,DVD
New Mutants,,,,Movie/Miniseries,4K UltraHD
New Year's Eve,,,,Movie/Miniseries,DVD
New York Minute,,Olsen Twins,,Movie/Miniseries,DVD
Newsies,,,,Movie/Miniseries,DVD
Nicholas Nickleby,,,,Movie/Miniseries,DVD
Nick & Norah's Infinite Playlist,,,,Movie/Miniseries,DVD
Night Manager,,,,Movie/Miniseries,DVD
Night of the Living Dead,,,,Movie/Miniseries,DVD
Nightmare on Elm Street,,,,Movie/Miniseries,DVD
Nightwing,,,,Movie/Miniseries,DVD Collection
No Strings Attached,,,,Movie/Miniseries,DVD
Notebook,,,,Movie/Miniseries,DVD
Now You See Me,,Now You See Me,1,Movie/Miniseries,DVD
Now You See Me,Extended Edition,Now You See Me,1,Movie/Miniseries,DVD
Now You See Me 2,,Now You See Me,2,Movie/Miniseries,DVD
O Brother Where Art Thou,,,,Movie/Miniseries,DVD
Ocean's Eleven,,Ocean's Eleven,1,Movie/Miniseries,DVD
Ocean's Twelve,,Ocean's Eleven,2,Movie/Miniseries,DVD
Olympus Has Fallen,,,,Movie/Miniseries,DVD
On the Line,,,,Movie/Miniseries,DVD
One for the Money,,,,Movie/Miniseries,DVD
Out of the Dark,,,,Movie/Miniseries,DVD
Outbreak,,,,Movie/Miniseries,DVD Collection
Pacific Rim,2-disc special edition,,,Movie/Miniseries,DVD
Pacific Rim: Uprising,,Pacific Rim,2,Movie/Miniseries,BluRay
Pan's Labyrinth,,,,Movie/Miniseries,DVD
Parent Trap (Lohan),,,,Movie/Miniseries,DVD
Parker,,,,Movie/Miniseries,DVD Collection
Passengers,,,,Movie/Miniseries,DVD
Penelope,,,,Movie/Miniseries,DVD
Peninsula,,Train to Busan,2,Movie/Miniseries,DVD
People Under the Stairs,,,,Movie/Miniseries,DVD
Percy Jackson: Sea of Monsters,,,,Movie/Miniseries,BluRay
Percy Jackson: The Lightning Thief,,,,Movie/Miniseries,BluRay
Perks of Being a Wallflower,,,,Movie/Miniseries,DVD
Persuasion ,,,,Movie/Miniseries,DVD
Persuasion 1971,,Jane Austen,,Movie/Miniseries,DVD
Persuasion Sally Hawkins,,Jane Austen,,Movie/Miniseries,DVD Collection
Phantom,,,,Movie/Miniseries,DVD
Phantoms,,,,Movie/Miniseries,DVD Collection
Phantom of the Opera,,,,Movie/Miniseries,DVD
Pillars of the Earth,,Ken Follet,1,Movie/Miniseries,DVD
Pinocchio,70th Anniversary Edition,,,Movie/Miniseries,DVD
Pirates of the Caribbean: At World's End,,PotC,3,Movie/Miniseries,DVD
Pirates of the Caribbean: Curse of the Black Pearl,,PotC,1,Movie/Miniseries,DVD
Pirates of the Caribbean: Dead Man's Chest,,PotC,2,Movie/Miniseries,DVD
Pirates of the Caribbean: On Stranger Tides,,PotC,4,Movie/Miniseries,DVD
Pitch Black,,,,Movie/Miniseries,DVD
Pitch Perfect,,Pitch Perfect,1,Movie/Miniseries,DVD
Pitch Perfect 2,,Pitch Perfect,2,Movie/Miniseries,BluRay
Pitch Perfect 3,,Pitch Perfect,3,Movie/Miniseries,DVD
"Planet of the Apes, Dawn of",,Planet of the Apes remake,2,Movie/Miniseries,BluRay
"Planet of the Apes, Rise of",,Planet of the Apes remake,1,Movie/Miniseries,DVD
"Planet of the Apes, War of",,Planet of the Apes remake,3,Movie/Miniseries,BluRay
Playing by Heart,,,,Movie/Miniseries,DVD
Playing it Cool,,,,Movie/Miniseries,DVD
Pleasantville,,,,Movie/Miniseries,DVD
Poltergeist original,,,,Movie/Miniseries,
Poltergeist remake,,,,Movie/Miniseries,DVD
Pompeii,,,,Movie/Miniseries,DVD
Power Rangers remake,,,,Movie/Miniseries,DVD
Predator,,,,Movie/Miniseries,DVD
Predator 2,,,,Movie/Miniseries,DVD
Predators,,,,Movie/Miniseries,DVD
Prestige,,,,Movie/Miniseries,DVD
Pride and Prejudice 1995,,Jane Austen,,Movie/Miniseries,DVD
Pride and Prejudice 2006,,Jane Austen,,Movie/Miniseries,DVD
Pride and Prejudice and Zombies,,Jane Austen,,Movie/Miniseries,BluRay
Priest,Unrated,,,Movie/Miniseries,BluRay
Prime,,,,Movie/Miniseries,DVD Collection
Prince and Me,,,,Movie/Miniseries,DVD Collection
Princess Bride,,,,Movie/Miniseries,DVD
Princess Diaries,,Princess Diaries,1,Movie/Miniseries,DVD
Princess Diaries 2,,Princess Diaries,2,Movie/Miniseries,DVD
Prometheus,,,,Movie/Miniseries,DVD
Proposal,,,,Movie/Miniseries,DVD
Psycho,,,,Movie/Miniseries,DVD
Pulp Fiction,,,,Movie/Miniseries,DVD
Push,,,,Movie/Miniseries,DVD
Quick and the Dead,,,,Movie/Miniseries,DVD
Quiet Place,,,,Movie/Miniseries,DVD
Quigley Down Under,,,,Movie/Miniseries,DVD Collection
Race to Witch Mountain remake,,,,Movie/Miniseries,BluRay
Ratatouille,,,,Movie/Miniseries,DVD
Ready Player One,,,,Movie/Miniseries,BluRay
Re-Animator,,,,Movie/Miniseries,DVD
Red,,,,Movie/Miniseries,BluRay
Red Dragon,,,,Movie/Miniseries,DVD
Red Riding Hood,,,,Movie/Miniseries,DVD
Red Riding Hood alternate ending,,,,Movie/Miniseries,
Red Water,,,,Movie/Miniseries,DVD Collection
Reign of Fire,,,,Movie/Miniseries,DVD
Resident Evil,,Resident Evil,1,Movie/Miniseries,DVD
Resident Evil: Afterlife,,Resident Evil,4,Movie/Miniseries,DVD
Resident Evil: Apocalypse,,Resident Evil,2,Movie/Miniseries,DVD
Resident Evil: Extinction,,Resident Evil,3,Movie/Miniseries,DVD
Resident Evil: Final Chapter,,Resident Evil,6,Movie/Miniseries,DVD
Resident Evil: Retribution,,Resident Evil,5,Movie/Miniseries,BluRay
Return of the Living Dead,,,,Movie/Miniseries,DVD
Return to Me,,,,Movie/Miniseries,DVD
Return to Oz,,Oz,,Movie/Miniseries,DVD
Riddick: Chronicles,,Riddick,3,Movie/Miniseries,DVD Collection
Riddick: Dark Fury,,Riddick,2,Movie/Miniseries,DVD Collection
Riddick: Pitch Black,,Riddick,1,Movie/Miniseries,DVD Collection
Ring,,,,Movie/Miniseries,DVD
Rio Grande (John Wayne),,,,Movie/Miniseries,BluRay
Rip in Time,,,,Movie/Miniseries,DVD Collection
RIPD,,,,Movie/Miniseries,BluRay
Rise of the Guardians,,,,Movie/Miniseries,DVD
Rob Roy,,,,Movie/Miniseries,DVD Collection
Robin Hood,Animated,,,Movie/Miniseries,BluRay
Robin Hood Russell Crowe,,,,Movie/Miniseries,DVD
Robin Hood Taron Egerton,,,,Movie/Miniseries,DVD
Robin Hood: Men in Tights,,,,Movie/Miniseries,DVD
Robin Hood: Prince of Thieves,,,,Movie/Miniseries,DVD
Robin Hood: Prince of Thieves,Special Edition,,,Movie/Miniseries,DVD
Romeo + Juliet,,,,Movie/Miniseries,DVD
Royal Tenenbaums,,,,Movie/Miniseries,DVD
Ruins,Unrated,,,Movie/Miniseries,DVD
Sabrina,,,,Movie/Miniseries,DVD Collection
Safe Haven,,,,Movie/Miniseries,DVD
Samurai Girl,Burned Discs,,,Movie/Miniseries,DVD
Samurai Jack,,,,Movie/Miniseries,DVD
San Andreas,,,,Movie/Miniseries,DVD
Save the Last Dance 2,,,,Movie/Miniseries,DVD
Saved,,,,Movie/Miniseries,DVD
Saving Mr. Banks,,,,Movie/Miniseries,DVD
School of Rock,,,,Movie/Miniseries,DVD
Scooby Doo,live action,,,Movie/Miniseries,DVD
Scooby Doo 2: Monsters Unleashed,live action,,,Movie/Miniseries,DVD
Scream,,Scream,1,Movie/Miniseries,DVD
Se7en,,,,Movie/Miniseries,DVD
Secret Life of Pets,,,,Movie/Miniseries,DVD Collection
Secret of Nimh,,,,Movie/Miniseries,DVD
Self/Less,,,,Movie/Miniseries,BluRay
Sense and Sensibility Emma Thompson,,Jane Austen,,Movie/Miniseries,DVD
Sense and Sensibility Hattie Morahan,,Jane Austen,,Movie/Miniseries,DVD Collection
Serenity,,,,Movie/Miniseries,DVD
Seven Brides for Seven Brothers,,,,Movie/Miniseries,DVD
Shaft original,,,,Movie/Miniseries,DVD
Shape of Water,,,,Movie/Miniseries,DVD
Shaun of the Dead,,,,Movie/Miniseries,DVD
Shawshank Redemption,,,,Movie/Miniseries,DVD
Shazam!,,,,Movie/Miniseries,BluRay
She Creature,,,,Movie/Miniseries,DVD Collection
She's All That,,,,Movie/Miniseries,DVD
She's the Man,,,,Movie/Miniseries,DVD
Sherlock Holmes RDJ,,,,Movie/Miniseries,DVD
Sherlock Holmes: Game of Shadows,,,,Movie/Miniseries,DVD
Shrek,,Shrek,1,Movie/Miniseries,DVD
Shrek 2,,,,Movie/Miniseries,DVD
Shrek 3,,Shrek,3,Movie/Miniseries,DVD
Signs,,,,Movie/Miniseries,DVD
Silence of the Lambs,,,,Movie/Miniseries,DVD
Silver Linings Playbook,,,,Movie/Miniseries,DVD
Sin City,,,,Movie/Miniseries,DVD
Sing,,,,Movie/Miniseries,DVD Collection
Sisterhood of the Travelling Pants,,,,Movie/Miniseries,DVD Collection
Sixth Sense,,,,Movie/Miniseries,DVD
Skulls,,,,Movie/Miniseries,DVD
Sky Captain and the World of Tomorrow,,,,Movie/Miniseries,DVD
Sky High,,,,Movie/Miniseries,DVD
Sleeping Beauty,Animated,,,Movie/Miniseries,DVD
Sleeping Beauty,Animated - 50th Anniversary Edition,,,Movie/Miniseries,DVD
Sleepers,,,,Movie/Miniseries,DVD
Sleepless in Seattle,,,,Movie/Miniseries,DVD Collection
Sleepy Hollow,,,,Movie/Miniseries,DVD
Sliding Doors,,,,Movie/Miniseries,DVD
Snow White and the Huntsman,,Snow White and the Huntsman,1,Movie/Miniseries,BluRay
Snowman,,,,Movie/Miniseries,DVD
Sorcerer's Apprentice,,,,Movie/Miniseries,DVD
Sound of Music,,,,Movie/Miniseries,DVD
Source Code,,,,Movie/Miniseries,DVD
"South Park: Bigger, Longer, and Uncut",,,,Movie/Miniseries,DVD
Space Jam,,,,Movie/Miniseries,DVD
Spaceballs,,,,Movie/Miniseries,DVD
Spacecamp,,,,Movie/Miniseries,BluRay
Speed,,,,Movie/Miniseries,DVD
Sphere,,,,Movie/Miniseries,DVD
Spider-Man Tobey Maguire,,,,Movie/Miniseries,DVD
Spider-Man 2 Tobey Maguire,,,,Movie/Miniseries,DVD
Spider-Man 3 Tobey Maguire,,,,Movie/Miniseries,DVD
Spider-Man: Far from Home,,Marvel MCU,,Movie/Miniseries,BluRay
Spider-Man: Homecoming,,Marvel MCU,16,Movie/Miniseries,BluRay
Spider-Man: Into the Spider-verse,,,,Movie/Miniseries,BluRay
Spider-Man: No Way Home,,Marvel MCU,,Movie/Miniseries,BluRay
Split,,Unbreakable,2,Movie/Miniseries,BluRay
Stand - mom has this,,Stephen King,,Movie/Miniseries,DVD Collection
Stand by Me,,,,Movie/Miniseries,DVD
Star Trek remake,,Star Trek remake,1,Movie/Miniseries,DVD
Star Trek: Beyond,,Star Trek remake,3,Movie/Miniseries,BluRay
Star Trek: Into Darkness,,Star Trek remake,2,Movie/Miniseries,BluRay
Star Trek: The Motion Picture,,Star Trek original,,Movie/Miniseries,DVD
Star Wars: The Phantom Menace,,Star Wars,1,Movie/Miniseries,BluRay
Star Wars: Attack of the Clones,,Star Wars,2,Movie/Miniseries,BluRay
Star Wars: Revenge of the Sith,,Star Wars,3,Movie/Miniseries,BluRay
Star Wars: Empire Strikes Back,,Star Wars,5,Movie/Miniseries,BluRay
Star Wars: Force Awakens,,Star Wars,7,Movie/Miniseries,BluRay
Star Wars: Last Jedi,,Star Wars,8,Movie/Miniseries,BluRay
Star Wars: New Hope,,Star Wars,4,Movie/Miniseries,BluRay
Star Wars: Return of the Jedi,,Star Wars,6,Movie/Miniseries,BluRay
Star Wars: Rogue One,,Star Wars,3.5,Movie/Miniseries,BluRay
Star Wars: Solo,,Star Wars,,Movie/Miniseries,BluRay
Stardust,,,,Movie/Miniseries,DVD
Stargate,multiple editions - CHECK,,,Movie/Miniseries,DVD
Starter for 10,,,,Movie/Miniseries,DVD
Stay Alive,,,,Movie/Miniseries,DVD
Steel Magnolias,,,,Movie/Miniseries,DVD Collection
Step Up,,,,Movie/Miniseries,DVD
Step Up 2: The Streets,Dance Off Edition,,,Movie/Miniseries,DVD
Stranger than Fiction,,,,Movie/Miniseries,DVD
Streets of Fire,,,,Movie/Miniseries,DVD
Submergence,,,,Movie/Miniseries,DVD
Suicide Squad,,DCU,,Movie/Miniseries,BluRay
Suicide Squad,see if this is a different edition,DCU,,Movie/Miniseries,BluRay
Sum of All Fears,,,,Movie/Miniseries,DVD
Superman,,,,Movie/Miniseries,DVD Collection
Superman II,,,,Movie/Miniseries,DVD Collection
Superman III,,,,Movie/Miniseries,DVD Collection
Superman IV,,,,Movie/Miniseries,DVD Collection
Superman Returns,,,,Movie/Miniseries,DVD
Superman Doomsday,animated,,,Movie/Miniseries,
Suspect Zero,,,,Movie/Miniseries,DVD
Sweeney Todd,,,,Movie/Miniseries,DVD
Sweet Home Alabama,,,,Movie/Miniseries,DVD
Swing Kids,,,,Movie/Miniseries,DVD
Sword in the Stone,,,,Movie/Miniseries,DVD
Sydney White,,,,Movie/Miniseries,DVD
Taken,,,,Movie/Miniseries,
Taken 2,,,,Movie/Miniseries,
Taking Lives,Unrated Cut,,,Movie/Miniseries,DVD
Tangled,,,,Movie/Miniseries,DVD
Tarzan,,,,Movie/Miniseries,DVD
Tatooist,,,,Movie/Miniseries,DVD Collection
Ted,,,,Movie/Miniseries,DVD
Teenage Mutant Ninja Turtles original,,,,Movie/Miniseries,DVD
Teenage Mutant Ninja Turtles remake,,,,Movie/Miniseries,DVD
Teenage Mutant Ninja Turtles II,,TMNT,2,Movie/Miniseries,DVD
Terminator,,Terminator,1,Movie/Miniseries,DVD
Terminator 2,,Terminator,2,Movie/Miniseries,DVD
Terminator 3,,Terminator,3,Movie/Miniseries,DVD
Terminator Genisys,,Terminator,5,Movie/Miniseries,DVD
Terminator Salvation,,Terminator,4,Movie/Miniseries,BluRay
Thirteen Ghosts,,,,Movie/Miniseries,DVD
This is Spinal Tap,,,,Movie/Miniseries,DVD
Thor,,Marvel MCU,6,Movie/Miniseries,BluRay
Thor: Dark World,,Marvel MCU,9,Movie/Miniseries,BluRay
Thor: Ragnarok,,Marvel MCU,19,Movie/Miniseries,BluRay
Three Musketeers 1993,,,,Movie/Miniseries,DVD
Three Musketeers 2011,,,,Movie/Miniseries,DVD
Time Machine,,,,Movie/Miniseries,DVD
Timeline,,,,Movie/Miniseries,DVD
Tin Man,,,,Movie/Miniseries,DVD
Titan AE,,,,Movie/Miniseries,DVD
Tomb Raider,,,,Movie/Miniseries,DVD
Top Gun,,,,Movie/Miniseries,DVD
Top Secret!,,,,Movie/Miniseries,DVD
Total Recall,,,,Movie/Miniseries,DVD
Total Recall remake,,,,Movie/Miniseries,
Toy Story 3,,,,Movie/Miniseries,BluRay
Train to Busan,,Train to Busan,1,Movie/Miniseries,DVD
Transformers,,,,Movie/Miniseries,DVD
Transformers: Revenge of the Fallen,,,,Movie/Miniseries,
Transformers: Age of Extinction,,,,Movie/Miniseries,
Tremors,,Tremors,1,Movie/Miniseries,DVD Collection
Tremors: Aftershocks,,Tremors,2,Movie/Miniseries,DVD Collection
Tremors: Back to Perfection,,Tremors,3,Movie/Miniseries,DVD Collection
Tremors: The Legend Begins,,Tremors,4,Movie/Miniseries,DVD Collection
Tremors: Bloodlines,,Tremors,5,Movie/Miniseries,DVD Collection
Tremors: A Cold Day in Hell,,Tremors,6,Movie/Miniseries,DVD Collection
Tremors: Shrieker Island,,Tremors,7,Movie/Miniseries,DVD Collection
Tristan + Isolde,,,,Movie/Miniseries,DVD
Trolls,,,,Movie/Miniseries,DVD
True Lies,,,,Movie/Miniseries,DVD
Tucker & Dale vs. Evil,,,,Movie/Miniseries,DVD
Twilight,,Twilight,1,Movie/Miniseries,DVD
Twilight,Extended Edition,Twilight,1,Movie/Miniseries,DVD
Twilight: Breaking Dawn pt 1,,Twilight,4,Movie/Miniseries,DVD
Twilight: Breaking Dawn pt 2,,Twilight,5,Movie/Miniseries,BluRay
Twilight: Eclipse,,Twilight,3,Movie/Miniseries,DVD
Twilight: New Moon,Ultimate Fan Edition,Twilight,2,Movie/Miniseries,DVD
Twilight: New Moon,Special Edition,Twilight,2,Movie/Miniseries,DVD
Twister,,,,Movie/Miniseries,
Ultraviolet,,,,Movie/Miniseries,DVD
Unbreakable,Vista series,,,Movie/Miniseries,DVD
Under the Tuscan Sun,,,,Movie/Miniseries,DVD
Undercover Brother,,,,Movie/Miniseries,DVD
Underworld,,Underworld,1,Movie/Miniseries,DVD
Underworld,Unrated Extended Cut,,1,Movie/Miniseries,DVD
Underworld: Awakening,,Underworld,4,Movie/Miniseries,BluRay
Underworld: Blood Wars,,Underworld,5,Movie/Miniseries,DVD
Underworld: Blood Wars,,Underworld,5,Movie/Miniseries,BluRay
Underworld: Evolution,,Underworld,2,Movie/Miniseries,DVD
Underworld: Rise of the Lycans,,Underworld,3,Movie/Miniseries,DVD
Untouchables,,,,Movie/Miniseries,DVD
Up,,,,Movie/Miniseries,DVD
Urban Legend,,,,Movie/Miniseries,DVD
Vampire Academy,,,,Movie/Miniseries,DVD
Vampires: The Turning,,,,Movie/Miniseries,DVD Collection
Van Helsing,,,,Movie/Miniseries,DVD
Vanishing,don't care - it's just in a set,,,Movie/Miniseries,DVD Collection
Venom,,,,Movie/Miniseries,BluRay
Veronica Mars,,,,Movie/Miniseries,
Vertical Limit,,,,Movie/Miniseries,DVD
Victor Frankenstein,,,,Movie/Miniseries,BluRay
Village,,,,Movie/Miniseries,DVD
Vow,,,,Movie/Miniseries,DVD
WALL-E,,,,Movie/Miniseries,DVD
Walk in the Clouds,,,,Movie/Miniseries,DVD
Wanted,,,,Movie/Miniseries,BluRay
War of the Worlds,,,,Movie/Miniseries,DVD
Warcraft,,,,Movie/Miniseries,DVD
Warm Bodies,,,,Movie/Miniseries,BluRay
Watchmen,Director's Cut,,,Movie/Miniseries,DVD
Watchmen: Complete Motion Comic,,,,Movie/Miniseries,DVD
Watchmen: Tales of the Black Freighter,,,,Movie/Miniseries,DVD
Way of the Dragon,,,,Movie/Miniseries,DVD Collection
Wedding Date,,,,Movie/Miniseries,DVD Collection
Wedding Planner,,,,Movie/Miniseries,DVD
Welcome to the Punch,,,,Movie/Miniseries,BluRay
Westing Game (2004),,,,Movie/Miniseries,DVD
What A Girl Wants,,,,Movie/Miniseries,DVD
What Dreams May Come,,,,Movie/Miniseries,DVD
What's Your Number,Ex-tended Edition,,,Movie/Miniseries,DVD
Whatever It Takes,,,,Movie/Miniseries,DVD
When A Stranger Calls,,,,Movie/Miniseries,DVD Collection
When Harry Met Sally,,,,Movie/Miniseries,DVD
When In Rome,,,,Movie/Miniseries,DVD
Where the Heart Is,,,,Movie/Miniseries,DVD
While You Were Sleeping,,,,Movie/Miniseries,DVD
White House Down,,,,Movie/Miniseries,DVD
Who Framed Roger Rabbit,,,,Movie/Miniseries,BluRay
Willow,,,,Movie/Miniseries,DVD
Willy Wonka and the Chocolate Factory,,,,Movie/Miniseries,DVD
Wimbledon,,,,Movie/Miniseries,DVD Collection
Win a Date with Tad Hamilton,,,,Movie/Miniseries,DVD
Winchester,,,,Movie/Miniseries,DVD
Winning London,,,,Movie/Miniseries,DVD
Witches of Oz,,Oz,,Movie/Miniseries,DVD
Wizard of Oz,,Oz,,Movie/Miniseries,DVD
Woman in Black,,,,Movie/Miniseries,DVD
Wonder Woman,,DCU,,Movie/Miniseries,BluRay
World Without End,,Ken Follet,2,Movie/Miniseries,DVD
World's End,,,,Movie/Miniseries,DVD
Wrath of the Titans,,,,Movie/Miniseries,DVD
Wreck-It Ralph,Animated,,,Movie/Miniseries,DVD
Wrinkle in Time,,,,Movie/Miniseries,BluRay
X-Men 1.5,,X-Men,1,Movie/Miniseries,DVD
X-Men 2,,X-Men,2,Movie/Miniseries,DVD
X-Men: Apocalypse,,X-Men,5,Movie/Miniseries,BluRay
X-Men: Dark Phoenix,,X-Men,8,Movie/Miniseries,DVD
X-Men: Days of Future Past,,X-Men,6,Movie/Miniseries,BluRay
X-Men: Days of Future Past Rogue cut,,X-Men,7,Movie/Miniseries,BluRay
X-Men: First Class,,X-Men,4,Movie/Miniseries,BluRay
X-Men: Logan,,X-Men - Wolverine,3,Movie/Miniseries,BluRay
X-Men: Origins Wolverine,,X-Men - Wolverine,1,Movie/Miniseries,DVD
X-Men: The Last Stand,,X-Men,3,Movie/Miniseries,DVD
X-Men: The Wolverine,,X-Men - Wolverine,2,Movie/Miniseries,BluRay
Yesterday,,,,Movie/Miniseries,BluRay
Young Frankenstein,,,,Movie/Miniseries,DVD
Young Guns,,,,Movie/Miniseries,DVD
Zombie Night,,,,Movie/Miniseries,DVD
Zombieland,,,,Movie/Miniseries,DVD
Zoolander,,,,Movie/Miniseries,DVD
